class_id,pixels,share,images,rank,tercile,rare,zero_train_pixels
1,2632054,0.002993880724346299,43,74,T2,false,false
2,8433554,0.00959290909621673,52,33,T1,false,false
3,4908023,0.005582725679012777,64,60,T2,false,false
4,9129368,0.010384376187063003,115,32,T1,false,false
5,2406389,0.002737193705896219,35,76,T2,false,false
6,33745956,0.038384990274910144,79,3,T1,false,false
7,3290074,0.003742358298983579,56,68,T2,false,false
8,3349039,0.0038094291785746057,22,66,T2,false,false
9,7586744,0.008629688685015558,19,35,T1,true,false
10,1780901,0.002025720283804606,33,89,T3,false,false
11,7421054,0.008441221390189184,28,36,T1,false,false
12,1891173,0.002151151302786403,24,87,T3,false,false
13,1812693,0.002061882709039201,19,88,T3,true,false
14,14852654,0.01689443853203048,54,17,T1,false,false
15,988114,0.0011239493787197068,34,103,T3,false,false
16,3485558,0.003964715355304654,54,64,T2,false,false
17,672980,0.0007654941159530057,16,112,T3,true,false
18,1464632,0.0016659739933378148,12,92,T3,true,false
19,2070421,0.0023550404069148235,21,86,T3,false,false
20,1217602,0.0013849849424538792,13,97,T3,true,false
21,1252048,0.0014241662113149407,19,96,T3,true,false
22,5285769,0.006012400172050882,22,53,T2,false,false
23,2963120,0.003370458148626512,22,72,T2,false,false
24,5508781,0.006266069484343836,36,51,T2,false,false
25,5678581,0.006459211778154677,21,50,T2,false,false
26,866616,0.0009857491289350798,7,107,T3,true,false
27,3073479,0.003495988127440827,24,70,T2,false,false
28,9501497,0.010807661514822335,63,30,T1,false,false
29,5095472,0.0057959431691926855,34,57,T2,false,false
30,3328992,0.00378662633072993,32,67,T2,false,false
31,1002613,0.0011404415466700212,29,102,T3,false,false
32,763525,0.0008684862772786987,13,110,T3,true,false
33,5735175,0.006523585717942256,27,49,T2,false,false
34,2370390,0.0026962459471512453,12,78,T3,true,false
35,1487825,0.0016923553197238858,7,91,T3,true,false
36,982024,0.001117022190443452,22,104,T3,false,false
37,2967608,0.00337556311102123,46,71,T2,false,false
38,2146826,0.002441948751783006,16,85,T3,true,false
39,9197252,0.010461592155691125,225,31,T1,false,false
40,7092903,0.00806795968903299,66,40,T2,false,false
41,1177236,0.0013390698551042418,47,99,T3,false,false
42,54975,6.253237692727345e-05,2,115,T3,true,false
43,266869,0.00030355530510603983,11,114,T3,true,false
44,11841235,0.013469041751785772,75,24,T1,false,false
45,5394837,0.006136461677948179,49,52,T2,false,false
46,5897986,0.0067087782385408246,65,47,T2,false,false
47,34431625,0.03916491773930935,84,2,T1,false,false
48,16307899,0.018549735100680413,91,13,T1,false,false
49,15982534,0.018179642389103474,105,14,T1,false,false
50,6641632,0.007554652762823848,53,42,T2,false,false
51,18847868,0.02143887196091852,107,10,T1,false,false
52,3867556,0.004399226367973406,27,62,T2,false,false
53,7178545,0.008165374838188163,19,39,T2,true,false
54,6475378,0.007365543935290116,14,44,T2,true,false
55,2307638,0.002624867471172341,58,80,T3,false,false
56,3456640,0.0039318220169511685,53,65,T2,false,false
57,272891,0.0003104051454672229,15,113,T3,true,false
58,799348,0.0009092338414199578,39,108,T3,false,false
59,10271555,0.011683578879294592,60,28,T1,false,false
60,23857232,0.027136869920243927,148,7,T1,false,false
61,4565214,0.005192790952281323,50,61,T2,false,false
62,3752490,0.004268342320979069,22,63,T2,false,false
63,14568542,0.016571269843107125,36,18,T1,false,false
64,769224,0.0008749687150432922,13,109,T3,true,false
65,2832952,0.0032223960396702716,40,73,T2,false,false
66,5020080,0.0057101870807652,6,58,T2,true,false
67,14300594,0.016266487208583997,68,20,T1,false,false
68,13499016,0.015354716810537428,79,22,T1,false,false
69,932479,0.0010606662720285041,4,106,T3,true,false
70,6524408,0.007421314056995331,38,43,T2,false,false
71,726790,0.0008267013411000104,6,111,T3,true,false
72,5004090,0.00569199894603001,31,59,T2,false,false
73,2161107,0.002458192951417356,21,83,T3,false,false
74,1057804,0.0012032196169745805,15,101,T3,true,false
75,2186822,0.0024874429754771074,11,82,T3,true,false
76,3247989,0.003694487901839708,50,69,T2,false,false
77,5238530,0.005958667257932329,53,55,T2,false,false
78,1415297,0.001609856943484117,18,93,T3,true,false
79,1118708,0.0012724960496144834,14,100,T3,true,false
80,1213404,0.0013802098461675545,8,98,T3,true,false
81,2360694,0.0026852170444375237,15,79,T3,true,false
82,2568501,0.0029215911354266264,37,75,T2,false,false
83,2282288,0.0025960326234214294,42,81,T3,false,false
84,19864269,0.022594996934838622,41,8,T1,false,false
85,12926178,0.014703131149159249,42,23,T1,false,false
86,15047184,0.017115710442601878,56,16,T1,false,false
87,33626118,0.03824867822422873,111,4,T1,false,false
88,14311559,0.016278959559889273,61,19,T1,false,false
89,19319192,0.021974988559788373,45,9,T1,false,false
90,64715686,0.07361210859589037,96,1,T1,false,false
91,937723,0.0010666311612437225,20,105,T3,false,false
92,2384950,0.002712807500731256,13,77,T3,true,false
93,2157528,0.00245412194865205,27,84,T3,false,false
94,1311524,0.0014918183377383425,34,95,T3,false,false
95,1628218,0.0018520480526743306,14,90,T3,true,false
96,6378742,0.0072556234482188285,22,45,T2,false,false
97,7232938,0.00822724520795997,64,38,T1,false,false
98,5254860,0.005977242132242877,103,54,T2,false,false
99,5826172,0.006627092015409306,84,48,T2,false,false
100,6954918,0.007911005982251548,71,41,T2,false,false
101,1404162,0.001597191222391162,29,94,T3,false,false
102,11093892,0.012618962003355407,66,27,T1,false,false
103,5195127,0.005909297676199279,43,56,T2,false,false
104,17764193,0.020206224874667257,53,12,T1,false,false
105,11633727,0.013233007764129116,161,26,T1,false,false
106,15633775,0.017782939719803263,53,15,T1,false,false
107,7289042,0.008291061787771298,101,37,T1,false,false
108,27699074,0.03150684740162692,119,6,T1,false,false
109,13717696,0.015603458605652593,95,21,T1,false,false
110,11690209,0.013297254307350695,56,25,T1,false,false
111,18524065,0.021070555976449544,160,11,T1,false,false
112,5952639,0.006770944350340848,38,46,T2,false,false
113,8398599,0.009553148855461971,25,34,T1,false,false
114,30883755,0.03512932439453508,90,5,T1,false,false
115,10268881,0.01168053728628134,39,29,T1,false,false
